[
  {
    "id": "bb52056a-fa53-451d-947d-152c5e958004",
    "data": [
      {
        "text": "I want a ",
        "userDefined": false
      },
      {
        "text": "luxury",
        "alias": "carTypes",
        "meta": "@carTypes",
        "userDefined": true
      },
      {
        "text": " ",
        "userDefined": false
      },
      {
        "text": "car",
        "meta": "@sys.ignore",
        "userDefined": false
      }
    ],
    "isTemplate": false,
    "count": 0,
    "updated": 0
  },
  {
    "id": "607d0f6f-63c8-466f-af42-5ca37b3da71a",
    "data": [
      {
        "text": "my email is ",
        "userDefined": false
      },
      {
        "text": "abc@abc.com",
        "alias": "email",
        "meta": "@sys.email",
        "userDefined": true
      }
    ],
    "isTemplate": false,
    "count": 0,
    "updated": 0
  },
  {
    "id": "dc04c71c-d8ff-4577-bd14-201e2bd32cc3",
    "data": [
      {
        "text": "My name is ",
        "userDefined": false
      },
      {
        "text": "john",
        "alias": "person",
        "meta": "@sys.person",
        "userDefined": false
      }
    ],
    "isTemplate": false,
    "count": 0,
    "updated": 0
  },
  {
    "id": "4f7e265f-2487-41c2-913f-e633d62b992c",
    "data": [
      {
        "text": "I want to like to buy a new ",
        "userDefined": false
      },
      {
        "text": "car",
        "meta": "@sys.ignore",
        "userDefined": false
      }
    ],
    "isTemplate": false,
    "count": 0,
    "updated": 0
  },
  {
    "id": "c634d7a5-0cb3-447e-ab0e-8ba8121a95a2",
    "data": [
      {
        "text": "I need new ",
        "userDefined": false
      },
      {
        "text": "car",
        "meta": "@sys.ignore",
        "userDefined": false
      }
    ],
    "isTemplate": false,
    "count": 0,
    "updated": 0
  },
  {
    "id": "e14ea643-aa93-425c-86b6-c411ee698871",
    "data": [
      {
        "text": "Hi! I want to buy new ",
        "userDefined": false
      },
      {
        "text": "car",
        "meta": "@sys.ignore",
        "userDefined": false
      }
    ],
    "isTemplate": false,
    "count": 0,
    "updated": 0
  }
]